code	product_name	nova_group	ingredients	hu_nova_score
code	product_name	nova_group	ingredients	hu_nova_score
00026700547300	Ventura, Soybean - Peanut Frying Oil Blend	4	PEANUT OIL, SOYBEAN OIL, TBHQ AND CITRIC ACID ADDED TO PROTECT FLAVOR, DIMETHYLPOLYSILOXANE, AN ANTI-FOAMING AGENT ADDED.	4
0002859038722	Fancy Truffles	4	PALM OIL, SUGAR, LOW FAT COCOA, WHEY POWDER, COCOA POWDER, SOY LECITHIN, VANILLA EXTRACT. FANCY TRUFFLES. INGREDIENTS: VEGETABLE FAT (PALM, PALM KERNEL), SUGAR, LOW FAT COCOA POWDER, SWEET WHEY POWDER, COCOA POWDER, EMULSIFIER: E322 (SOY); NATURAL VANILLA FLAVORING.	4
0002859067142	Italian Style Grazioso Selection	4	SUGAR, PARTLY HYDROGENATED VEGETABLE FATS (PALM, SHEA, RAPESEED, SOY, SUNFLOWER, COCONUT; IN VARYING PROPORTIONS), COCOA MASS, WHOLE MILK POWDER, COCOA BUTTER, SKIMMED MILK POWDER, FAT REDUCED COCOA POWDER, WHEY POWDER (FROM MILK), MILK FAT, EMULSIFIERS (SOY LECITHINS, POLYGLYCEROL POLYRICINOLEATE), FLAVORINGS.	4
0003006010349	Finest Milk Chocolate	4	SUGAR, WHOLE MILK POWDER, COCOA BUTTER, CHOCOLATE LIQUOR, EMULSIFIER: SOY LECITHIN, BOURBON VANILLA EXTRACT.	4
0003006012749	Edelvollmilch- Chocolade Finest Milk Chocolate	4	SUGAR, WHOLE MILK POWDER,COCOA BUTTER, COCOA LIQUOR, EMULSIFIER: SOY LECITHIN, BOURBON VANILLA EXTRACT.	4
0003006013180	Edelvollmilch-Chocolade Finest Milk Chocolate	4	SUGAR, WHOLE MILK POWDER,COCOA BUTTER, COCOA LIQUOR, EMULSIFIER: SOY LECITHIN, BOURBON VANILLA EXTRACT.	4
0003026400168	Mochi, Cashew-Date	4	ORGANIC SWEET BROWN RICE, FILTERED WATER, DATES, CASHEWS, CINNAMON, NATURAL VANILLA FLAVOR, AND SEA SALT.	3
0003160279507	Mit Aprikosen Fruchtfullung Lebkuchen Herzen	4	GLUCOSE FRUCTOSE SYRUP, WHEAT FLOUR, SUGAR, APRICOTS DRIED PASSED, COCOA BUTTER, WHEY POWDER, COCOA MASS, SKIMMED MILK POWDER, CARAMEL SUGAR SYRUP, RAISING AGENTS: DISODIUM DIPHOSPHATE, SODIUM HYDROGEN CARBONATE, POTASSIUM CARBONATE; PURE BUTTERFAT, LACTOSE, ACID: CITRIC ACID; GELLING AGENT: PECTIN; SPICES; ACIDITY REGULATOR; POTASSIUM CITRATE; EMULSIFIER; SOYA LECITHINS; SALT, NATURAL FLAVORING.	4
00038232	Stuffed Queen Sevillano Olives	4	OLIVES STUFFED WITH PIMENTO PASTE, WATER, SALT, VINEGAR (CONTAINS SULFITES), SODIUM ALGINATE, GUAR GUM.	4
00041500007007	Yellow Mustard	3	DISTILLED WHITE VINEGAR, MUSTARD SEED, WATER, SLAT, TURMERIC, NATURAL FLAVOR AND SPICES. 	4
0005216437657	Coconut Tree Brand, Pho', Pho Soup Seasoning Spice Cube	4	SALT, SUGAR, MONOSODIUM GLUTAMATE, ANISTAR.	3
0005216437664	Coconut Tree Brand, Pho Ga Spice Cube	4	SALT, SUGAR, MONOSODIUM GLUTAMATE, ANISTAR.	3
0005216437688	Coconut Tree Brand, Kho Tieu Seasoning Spice Cube	4	SALT, SUGAR, MONOSODIUM GLUTAMATE, AND SPICES	3
0005216437695	Coconut Tree Brand, Spice Cube Soup Sessoning	4	SALT, SUGAR, MONOSODIUM GLUTAMATE, AND SPICES.	3
0005216437732	Coconut Tree Brand, Spice Cube, Hoanh Thanh Soup Seasoning	4	SALT, SUGAR, MONOSODIUM GLUTAMATE, ANISTAR	3
0005216437763	Bo Kho Stewed Beef Seasoning	4	SALT, SUGAR, MONOSODIUM GLUTAMATE, ANISTAR.	3
0005216438579	Coconut Tree Brand, Spice Cube Soup Seasoning	4	SALT, SUGAR, MONOSODIUM GLUTAMATE, ANISTAR.	3
0005216438623	Coconut Tree Brand, Vegetarian Soup Cubes	4	SALT, SUGAR, MONOSODIUM GLUTAMATE, AND SPICES.	3
00052603965712	Oat Non-Dairy Beverage	4	FILTERED WATER, OATS*, OAT BRAN*, TRICALCIUM PHOSPHATE, SEA SALT, GELLAN GUM, RIBOFLAVIN (B2), VITAMIN A PALMITATE, VITAMIN D2.	4
0005404490105	Extra Virgin Olive Oil	2	EXTRA VIRGIN OLIVE OIL.	1
0006167023135	Cashews, Sesame And Pistachios Brittle Slice	4	CASHEWNUTS 45%, SESAME 10%, PISTACHIOS 5%, SUGAR, GLUCOSE SYRUP, AROMALEMON 0,5%.	4
0006423460193	Chocolart, Assorted Milk Chocolate Pralines	4	SUGAR, VEGETABLE OIL (COCONUT (TREE NUT), PALM KERNEL, PALM COCOA BUTTER, WHOLE MILK POWDER, COCOA MASS, WHEY POWDER, LOWFAT COCOA POWDER, CEREALS (CORN FLOUR, RICE FLOUR, WHEAT FLOUR, SUGAR, LOWFAT COCOA POWDER, BARLEY'S MALT EXTRACT, SAL-T), SKIM MILK POWDER, HAZELNUTS (TREE NUT), SOY LECITHIN (EMULSIFIER), ARTIFICIAL FLAVOURINGS.	4
0006423461077	Passion, Assorted Milk Chocolate	4	SUGAR, VEGETABLE FATS (COCONUT (TREE NUT), PALM KERNEL, PALM), COCOA BUTTER, WHOLE MILK POWDER, COCOA MASS, LOW FAT COCOA POWDER, WHEY POWDER, CEREALS (CORN FLOUR, RICE FLOUR, WHEAT FLOUR, SUGAR, LOW FAT COCOA POWDER, BARLEY'S MALT EXTRACT, SALT), HAZELNUTS, EMULSIFIER: SOYA LECITHIN, SKIMMED MILK POWDER, FLAVOURINGS.	4
0006446001977	Milk Chocolate Balls With Cream And Chocolate	4	SUGAR, WHOLE MILK POWDER, COCOA BUTTER, VEGETABLE FATS (OIL PALM, COCONUT), CHOCOLATE LIQUOR, SKIMMED MILK POWDER, LACTOSE, EMULSIFIER, SOY LECITHIN, NATURAL VANILLA FLAVOR.	4
0006446002264	Chocolate Balls Filled With Milk Cream And Chocolate	4	SUGAR, WHOLE MILK POWDER, COCOA BUTTER, VEGETABLE FATS (OIL PALM, COCONUT), CHOCOLATE LIQUOR, SKIMMED MILK POWDER, LACTOSE, EMULSIFIER, SOY LECITHIN, NATURAL VANILLA FLAVOR.	4
0006446002660	Merry Christmas Chocolate Balls	4	SUGAR, COCOA BUTTER, WHOLE MILK POWDER, VEGETABLE FAT (OIL PALM), CHOCOLATE LIQUOR, SWEET WHEY POWDER, COCOA POWDER (LOW FAT), LACTOSE, EMULSIFIER: SOY LECITHIN, NATURAL VANILLA FLAVOR.	4
0006446002677	Merry Christmas Chocolate Balls Filled With Praline Cream	4	SUGAR, VEGETABLE FATS (OIL PALM), WHOLE MILK POWDER, COCOA BUTTER CHOCOLATE LIQUOR, SWEET WHEY POWDER, COCOA POWDER (LOW FAT), LACTOSE, EMULSIFIER: SOY LECITHIN, NATURAL VANILLA FLAVOR.	4
0006446003520	Merry Christmas Minis Chocolate Bar	4	SUGAR, WATER, WHOLE MILK POWDER, CHOCOLATE LIQUOR, EMULSIFIER, SOY LECITHIN.	4
0006446004084	Milk Chocolate	4	SUGAR, COCOA BUTTER, WHOLE MILK POWDER, CHOCOLATE LIQUOR, EMULSIFIER SOY LECITHIN.	4
00069276020235	Chutney, Hot Mango Hot	4	SUGAR, MANGO, SALT, ACETIC ACID, SPICES (INCLUDING PAPRIKA), GARLIC, CRUSHED RED PEPPER FLAKES.	4
00069276070056	Dopiaza Curry Simmer Sauce, Mild	4	WATER, TOMATO, ONION, TOMATO PASTE, CANOLA OIL, SPICES (INCLUDING TURMERIC AND PAPRIKA), VINEGAR, CONTAINS 2% OR LESS OF SUGAR, ONION POWDER, CORN STARCH, GARLIC POWDER, SEA SALT, ROASTED CUMIN, DRIED CILANTRO, DRIED FENUGREEK LEAF, DRIED MINT.	4
00070650800367	Sweet Chili Sauce	4	SYRUP (SUCROSE SYRUP, GLUCOSE SYRUP, FRUCTOSE SYRUP), VINEGAR, WATER, PICKLED RED CHILI, GARLIC, SALT, XANTHAN GUM, PAPRIKA.	4
00070662455029	Top Ramen Noodle Soup	4	ENRICHED FLOUR (WHEAT FLOUR, NIACIN, REDUCED IRON, THIAMINE MONONITRATE, RIBOFLAVIN, FOLIC ACID), PALM OIL, SALT, CONTAINS LESS THAN 2% OF AUTOLYZED YEAST EXTRACT, CALCIUM SILICATE, CITRIC ACID, DISODIUM GUANYLATE, DISODIUM INOSINATE, DRIED LEEK FLAKE, GARLIC POWDER, HYDROLYZED CORN PROTEIN, HYDROLYZED SOY PROTEIN, MALTODEXTRIN, MONOSODIUM GLUTAMATE, NATURAL AND ARTIFICIAL FLAVOR, ONION POWDER, POTASSIUM CARBONATE, POWDERED CHICKEN, RENDERED CHICKEN FAT, SODIUM ALGINATE, SODIUM CARBONATE, SODIUM TRIPOLYPHOSPHATE, SOYBEAN, SPICE AND COLOR, SUGAR, TBHQ (PRESERVATIVE), WHEAT.	4
00071828001234	Extra Hot Chinese Mustard	4	WATER, MUSTARD SEED, WHITE DISTILLED VINEGAR, SUGAR, SALT, FLAVORS (ARTIFICIAL, NATURAL), GARLIC, SPICES, XANTHAN GUM, CITRIC ACID, TURMERIC, LICORICE ROOT, CALCIUM DISODIUM EDTA (RETAINS PRODUCT FRESHNESS), GINGER.	4
00072220009989	Great Seed Bread	4	WATER, BROWN RICE FLOUR, TAPIOCA STARCH, TAPIOCA SYRUP, WHOLE GRAIN SORGHUM FLOUR, SUNFLOWER SEEDS, PUMPKIN SEEDS, WHOLE GRAIN MILLET SEEDS, XANTHAN GUM, CONTAINS 2% OR LESS OF EACH OF THE FOLLOWING: WHOLE EGGS, WHOLE GRAIN AMARANTH SEEDS, WHOLE GRAIN TEFF SEED, FLAX SEEDS, POPPY SEEDS, EXTRA VIRGIN OLIVE OIL, SALT, CULTURED RICE FLOUR, YEAST, ENZMYES.	4
00072457990227	Fruit Spredad, Strawberry	4	INGREDIENTS*: PURIFIED WATER, STRAWBERRY FLAVOR, NATURAL FLAVORS, SUCRALOSE, CITRIC ACID, CELLULOSE GEL, PURPLE SWEET POTATO COLOR, XANTHAN GUM, SODIUM BENZOATE (TO PRESERVE FRESHNESS), FD&C RED #40, RED LAKE #40	4
00073448	21 Seasoning Salute	1	ONION, SPICES (BLACK PEPPER, CELERY SEED, CAYENNE PEPPER, PARSLEY, BASIL, MARJORAM, BAY LEAF, OREGANO, THYME, SAVORY, ROSEMARY, CUMIN, MUSTARD, CORIANDER), GARLIC, CARROT, ORANGE PEEL, TOMATO GRANULES, LEMON JUICE POWDER, OIL OF LEMON, CITRIC ACID. 	4
00074880030013	Sauce Mix	4	WHEAT FLOUR, EDIBLE OILS (PALM OIL, CANOLA OIL), SALT, SUGAR, CURRY POWDER, SPICES, CARAMEL, MONOSODIUM GLUTAMATE, MALIC ACID, DISODIUM GUANYLATE, DISODIUM INOSINATE.	4
00074880030037	Golden Curry, Sauce Mix	4	WHEAT FLOUR, VEGETABLE OILS (PALM OIL, RAPESEED OIL), SALT, CURRY POWDER, SUGAR, MONOSODIUM GLUTAMATE, CARAMEL COLOR, SPICES (CHILI PEPPER, PEPPER, GARLIC, CELERY SEED, MUSTARD), MALIC ACID, DISODIUM INOSINATE, DISODIUM GUANYLATE, CHILI PEPPER EXTRACT.	4
0007715997786	Creamy And Delicious Evaporated Filled Milk	4	NONFAT MILK, PARTIALLY HYDROGENATED SOYBEAN OIL, CONTAINS 0.5% OR LESS OF: DIPOTASSIUM PHOSPHATE, CARRAGEENAN, VITAMIN A PALMITATE, VITAMIN D3.	4
0007781502693	Whole Wheat Flour Tortillas	4	WHOLE WHEAT FLOUR, WATER, SHORTENING (SOYBEAN OIL, HYDROGENATED SOYBEAN OIL), BAKING BLEND (SALT, MONO- AND DIGLYCERIDES, SODIUM BICARBONATE, DEXTROSE, CALCIUM PROPIONATE, SODIUM ALUMINUM PHOSPHATE, SODIUM ALUMINUM SULFATE, FUMARIC ACID, CORN STARCH, YEAST, POTASSIUM SORBATE, CELLULOSE GUM, ENZYMES, RICE FLOUR, SODIUM METABISULFITE, XANTHAN GUM).	4
0007815002489	Flour Tortillas	4	FLOUR (WHEAT FLOUR, ENRICHMENT (NIACIN, REDUCED IRON, THIAMINE MONONITRATE, RIBOFLAVIN, FOLIC ACID), ENZYME), WATER, SHORTENING (SOYBEAN OIL, HYDROGENATED SOYBEAN OIL), BAKING BLEND (SALT, MONO AND DIGLYCERIDES, SODIUM BICARBONATE, DEXTROSE, CALCIUM PROPIONATE, SODIUM ALUMINUM PHOSPHATE, SODIUM ALUMINUM SULFATE, FUMARIC ACID, CORN STARCH, YEAST, POTASSIUM SORBATE, CELLULOSE GUM, ENZYMES, RICE FLOUR, SODIUM METABISULFITE, XANTHAN GUM).	4
00078895300024	Panda Brand, Oyster Flavored Sauce	4	WATER, SUGAR, SALT, OYSTER EXTRACTIVES (OYSTER WATER, SALT), MONOSODIUM GLUTAMATE AS A FLAVOR ENHANCER, MODIFIED CORN STARCH, WHEAT FLOUR, CARAMEL COLOR.	4
00079211	Mexicaine Quiche	4	FILLING: MILK, EGGS, CHEDDAR CHEESE (CULTURED MILK, SALT, MICROBIAL RENNET, ANNATTO [COLOR]), MONTEREY JACK CHEESE(CULTURED MILK, SALT, MICROBIAL RENNET), GREEN CHILE PEPPERS (GREEN CHILES, SALT, CITRIC ACID, CALCIUM CHLORIDE), HALF AND HALF (MILK AND CREAM), CORNSTARCH, SEASONING (SALT, CHILE PEPPERS, SPICES, PAPRIKA). PASTRY: ENRICHED WHEAT FLOUR (WHEAT FLOUR, NIACIN, REDUCED IRON, THIAMINE MONONITRATE, RIBOFLAVIN, FOLIC ACID), BUTTER (CREAM, SALT), SUNFLOWER OIL, WATER, SALT, SOY LECITHIN.	4
00079969	Dry Roasted & Salted Almonds	3	ALMONDS, SALT.	3
0008005158306	Nuovo Pasta, Organic Ravioli, Butternut Squash	4	FILLING: ORGANIC BUTTERNUT SQUASH, ORGANIC RICOTTA CHEESE (MILK, VINEGAR, SALT), ORGANIC CHEDDAR CHEESE (PASTEURIZED COW'S MILK, SALT, CHEESE CULTURES, ENZYMES), ORGANIC PARMESAN CHEESE (CULTURED MILK, POWDERED CELLULOSE, MICROBIAL ENZYMES), ORGANIC BREADCRUMBS (WHEAT FLOUR, EVAPORATED CANE SYRUP, YEAST, SEA SALT), ORGANIC HONEY, ORGANIC EGGS, ORGANIC CANOLA OIL, SEA SALT, ORGANIC BLACK PEPPER, ORGANIC NUTMEG, ORGANIC CINNAMON, ORGANIC ANNATTO OIL. PASTA: ORGANIC DURUM FLOUR, WATER, ORGANIC EGGS, ORGANIC TURMERIC OIL.	4
0008005658134	Ravioli Five Cheese	4	FILLING: RICOTTA CHEESE (MILK, WHEY, CREAM, VINEGAR, SALT, NATURAL STABILIZERS [XANTHAN GUM, LOCUST BEAN GUM, GUAR GUM]), PARMESAN CHEESE (CULTURED PASTEURIZED MILK, SALT, ENZYMES), ASIAGO CHEESE (MILK, ENZYMES, SALT), MOZZARELLA CHEESE (CULTURED PASTEURIZED WHOLE MILK AND SKIM MILK, SALT, ENZYMES), ROMANO CHEESE (MILK, SALT, ENZYMES), MILK, NATURAL PARMESAN FLAVOR (PARMESAN CHEESE {MILK, CULTURE, SALT, ENZYMES}, SALT, YEAST EXTRACT, UNSALTED BUTTER, CORN OIL, OLIVE OIL, CREME POWDER, SUGAR AND NATURAL FLAVORINGS), OLIVE OIL, EGG WHITES, BLACK PEPPER, SALT, NUTMEG. PASTA: GLUTEN FREE FLOUR (MAIZE STARCH, RICE FLOUR, POTATO STARCH, SKIM MILK POWDER, MILK PROTEIN, GUAR GUM, DEXTROSE, MODIFIED CELLULOSE), EGGS, WATER.	4
0008005914193	Tender Spinach, Whipped Potatoes & Cheddar Cheese In A Pierogi Shell	4	FILLING: WATER, CHEDDAR CHEESE (MILK, ENZYMES, SALT), SPINACH, POTATO FLAKE (POTATOES, MONOGLYCERIDES, SODIUM ACID PYROPHOSPHATE, CITRIC ACID), BLENDED OIL (CANOLA, OLIVE), SALT, BLACK PEPPER. DOUGH: BLEACHED WHEAT FLOUR, WATER, POTATO FLOUR (POTATOES, MONOGLYCERIDES), EGGS.	4
0008005914865	Pierogi	4	FILLING: WATER, ONIONS, POTATO FLAKE (POTATOES, MONOGLYCERIDES, SODIUM ACID PYROPHOSPHATE, CITRIC ACID), CHEDDAR CHEESE (MILK, ENZYMES, SALT), BUTTER, BLENDED OIL (CANOLA, OLIVE), SALT, BLACK PEPPER, ONION POWDER, DOUGH: BLEACHED WHEAT FLOUR, WATER, POTATO FLOUR (POTATOES, MONOGLYCERIDES), EGGS.	4
0008006915137	Ravioli	4	FILLING: RICOTTA CHEESE (MILK, WHEY, CREAM, VINEGAR, SALT, NATURAL STABILIZERS [XANTHAN GUM, LOCUST BEAN GUM, GUAR GUM]), ASIAGO CHEESE (PASTEURIZED PART SKIM MILK, CHEESE CULTURE, SALT, ENZYMES), MOZZARELLA CHEESE (PASTEURIZED WHOLE MILK, CULTURE, SALT, ENZYMES), MILK, PARMESAN CHEESE (PASTEURIZED MILK, CHEESE CULTURES, SALT, ENZYMES), BREADCRUMB (WHEAT FLOUR, EVAPORATED CANE SYRUP, YEAST, SEA SALT), PARMESAN FLAVOR (PARMESAN CHEESE {MILK, CULTURE, SALT, ENZYMES}, SALT, YEAST EXTRACT, UNSALTED BUTTER, CORN OIL, OLIVE OIL, CREAM POWDER, SUGAR AND NATURAL FLAVORING), EGGS, BLACK PEPPER, SALT. PASTA: DURUM FLOUR, WATER, EGGS, SPINACH POWDER, ANNATTO OIL, PAPRIKA OIL, BETA-CAROTENE.	4
0008006958011	Tomato, Basil & Mozzarella Rovioli	4	FILLING: RICOTTA CHEESE (MILK. WHEY, CREAM, VINEGAR, SALT, NATURAL STABILIZERS [XANTHAN GUM, LOCUST BEAN GUM, GUAR GUM]), MOZZARELLA CHEESE (PASTEURIZED WHOLE MILK. CULTURE, SALT, ENZYMES), TOMATOES, PARMESAN CHEESE (MILK, SALT, ENZYMES), PARMESAN FLAVOR (PARMESAN CHEESE {MILK, CULTURE, SALT, ENZYMES} SALT, YEAST EXTRACT, UNSALTED BUTTER, CORN OIL. OLIVE OIL, CREAM POWDER, SUGAR AND NATURAL FLAVORING), EGGS, BASIL, PARSLEY, BREAD CRUMBS (WHEAT FLOUR, EVAPORATED CANE SYRUP, YEAST. SEA SALT), SALT, BLACK PEPPER. PASTA: DURUM FLOUR, WATER, EGGS, BETA-CAROTENE.	4
0008006958554	Ravioli	4	FILLING: RICOTTA CHEESE (MILK, WHEY, CREAM, VINEGAR, SALT, NATURAL STABILIZERS [XANTHAN GUM, LOCUST BEAN GUM, GUAR GUM]), ASIAGO CHEESE (PASTEURIZED PART SKIM MILK, CHEESE CULTURE, SALT, ENZYMES), MOZZARELLA CHEESE (PASTEURIZED WHOLE MILK, CULTURE, SALT, ENZYMES), MILK, PARMESAN CHEESE (PASTEURIZED MILK, CHEESE CULTURES, SALT, ENZYMES), BREADCRUMB (WHEAT FLOUR, EVAPORATED CANE SYRUP, YEAST, SEA SALT), PARMESAN FLAVOR (PARMESAN CHEESE {MILK, CULTURE, SALT, ENZYMES}, SALT, YEAST EXTRACT, UNSALTED BUTTER, CORN OIL, OLIVE OIL, CREAM POWDER, SUGAR AND NATURAL FLAVORING), EGGS, BLACK PEPPER, SALT. PASTA: DURUM FLOUR, WATER, EGGS, SPINACH POWDER, ANNATTO OIL, PAPRIKA OIL, BETA-CAROTENE.	4
0008006958936	Shrimp Scampi Ravioli	4	FILLING: SHRIMP, RICOTTA CHEESE (MILK, WHEY, CREAM, VINEGAR, SALT, NATURAL STABILIZERS [XANTHAN GUM, LOCUST BEAN GUM, GUAR GUM]), MOZZARELLA CHEESE (PASTEURIZED WHOLE MILK, CULTURE, SALT, ENZYMES), GLYCERINE, WHITE WINE, BREAD CRUMBS (WHEAT FLOUR, SUGAR, YEAST, SALT), BUTTER, FLOUR, GARLIC, HEAVY CREAM, PARSLEY, SHRIMP POWDER (SHRIMP), LEMON JUICE, SALT, EGGS, PAPRIKA OIL, BLACK PEPPER, CAYENNE PEPPER. PASTA: DURUM FLOUR, WATER, EGGS, BETA-CAROTENE.	4
0008009958223	Kale, Hummus & Chicckpea Ravioli	4	FILLING: KALE, HUMMUS (CHICKPEAS, SUNFLOWER OIL, OLIVE OIL, SESAME TAHINI, WATER, SEA SALT, CITRIC ACID, GARLIC, GUAR GUM, CUMIN), CHICKPEAS, RICOTTA CHEESE (PASTEURIZED WHOLE MILK, CULTURE, SALT, ENZYMES), CHEDDAR CHEESE (MILK, ENZYMES, SALT), ROMANO CHEESE (MILK, SALT, ENZYMES), ASIAGO CHEESE (PASTEURIZED WHOLE MILK, CULTURE, SALT, ENZYMES), BREAD CRUMBS (WHEAT FLOUR, EVAPORATED CANE SYRUP, YEAST, SEA SALT), GARLIC, ROMANO FLAVOR (ROMANO CHEESE {MILK, CULTURE, SALT, ENZYMES}, SALT, YEAST EXTRACT, UNSALTED BUTTER, CORN OIL, OLIVE OIL, CREME POWDER, NON-FAT DRY MILK, OLIVE OIL, ONION POWDER, GARLIC POWDER), BLENDED OIL (CANOLA, OLIVE), LEMON JUICE, RED PEPPER, BLACK PEPPER, SALT.	4
0008009995020	Classic Cheese Ravioli	4	FILLING: RICOTTA CHEESE (MILK, WHEY, CREAM, VINEGAR, SALT, NATURAL STABILIZERS [XANTHAN GUM, LOCUST BEAN GUM, GUAR GUM]), CHEDDAR CHEESE (MILK, ENZYMES, SALT), MOZZARELLA CHEESE (PASTEURIZED WHOLE MILK, CULTURE, SALT, ENZYMES), BRIE CHEESE (PASTEURIZED CULTURED MILK AND CREAM, SALT, ENZYMES), MILK, PARMESAN FLAVOR (PARMESAN CHEESE {MILK, CULTURE, SALT, ENZYMES}, SALT, YEAST EXTRACT, UNSALTED BUTTER, CORN OIL, OLIVE OIL, CREME POWDER, SUGAR AND NATURAL FLAVORING), BREADCRUMB (WHEAT FLOUR, EVAPORATED CANE SYRUP, YEAST, SEA SALT), EGGS, SALT, BLACK PEPPER.	4
0008077101118	Yan Yan Crispy Cracker Stick, Strawberry	4	WHEAT FLOUR, PARTIALLY HYDROGENATED PALM AND CANOLA OILS, SUGAR, WHOLE MILK POWDER, NON-FAT MILK POWDER, CHOCOLATE LIQUOR, COCOA (PROCESSED WITH ALKALI), CHEESE, SALT, SOY LECITHIN, SODIUM BICARBONATE (LEAVENING), YEAST POWDER, ARTIFICIAL FLAVORS, NATURAL COLORING (BETA CAROTENE AND CARAMEL).	4
0008077101132	Yam Yam Double Cream, Chocolate, Strawberry	4	YAM FLOUR	3
0008077102115	Hello Panda, Choco Biscuits With Choco Cream, Double Choco	4	WHEAT FLOUR, SUGAR,BLENDED OIL(HYDROGENATED PALM OIL, GLYCERIN ESTERS OF FATTY ACIDS, TOCOPHEROL).COCOA MASS, PALM OIL, COCOA PREPARATION (WHOLE MILK POWDER, COCOA MASS), LACTOSE, ACIDITY REGULATOR (AMMONIUMBICARBONATE, SODIUM BICARBONATE), DEXTRIN, ALMOND POWDER, PROCESSED WHOLE MILK POWDER (WHEY POWDER, BUTTER FAT, LACTOSE, MILK CREAM, SODIUM CASEINATE), SALT D-MALTITO; SYRUB, ARTIFICIAL FLAVORS, EMULSIFIER (SOY LECITHIN), YEAST PREPARATION(DRIED YEAST, WHEAT FLOUR), GLUCOSE PREPARATION (GLUCOSE SYRUP, SUGAR, WATER), PROTEASE PREPARATION (PROTEASE, GLYCEROL.	4
0008077201108	Yan Yan Cream Dip	4	WHEAT FLOUR, PARTIALLY HYDROGENATED PALM AND CANOLA OILS, SUGAR, WHOLE MILK POWDER, NON-FAT MILK POWDER, CHOCOLATE LIQUOR, COCOA (PROCESSED WITH ALKALI), CHEESE, SALT, SOY LECITHIN, SODIUM BICARBONATE (LEAVENING), YEAST POWDER, ARTIFICIAL FLAVORS, NATURAL COLORING (BETA CAROTENE AND CARAMEL).	4
0008127000019	Athena, Extra Virgin Olive Oil	2	"CONTAINS PREMIUM, EXTRA VIRGIN OLIVE OIL, DERIVED FROM ""HAND PICKED"" OLIVES GROWN IN THE ""SUN DRENCHED"" GROVES OF KOLYMVARI, CHANIA, CRETE."	2
0008155902910	Gazebo Room, Balsamic Vinaigrette	4	OIL (SOYBEAN AND OLIVE), BALSAMIC VINEGAR, CIDER, VINEGAR, SALT, MONOSODIUM GLUTAMATE, NATURAL FLAVORING, SPICES	4
0008155902927	Gazebo Room, Lite Greek Salad Dressing & Marinade	4	OIL (SOYBEAN AND OLIVE), BALSAMIC VINEGAR, CIDER, VINEGAR, SALT, MONOSODIUM GLUTAMATE, NATURAL FLAVORING, SPICES	4
0008170751449	Lentils	3	LENTILS	1
0008229101133	Bill Knapp's, Old-Fashioned Cinnamon-Sugar Doughnut Holes	4	ENRICHED WHEAT FLOUR BLEACHED (FLOUR, MALTED BARLEY FLOUR, NIACIN, REDUCED IRON, THIAMINE MONONITRATE, RIBOFLAVIN, FOLIC ACID) WATER, SUGAR, SOY OIL, NONFAT DRY MILK, CONTAINS 2% OR LESS OF: SOY FLOUR, LEAVENING (BAKING SODA, SODIUM ACID PYROPHOSPHATE), WHEAT STARCH, SALT, DRY EGG YOLK, SOUR CREAM SOLIDS (CULTURED SOUR CREAM, MALTODEXTRIN, CULTURED BUTTERMILK, CULTURED SKIM MILK, WHEY, LACTIC ACID), SPICE, CINNAMON, CELLULOSE GUM, SODIUM STEAROYL LACTYLATE, FOOD STARCH-MODIFIED, PARTIALLY HYDROGENATED VEGETABLE OIL, (SOYBEAN, COTTONSEED), NATURAL MIXED TOCOPHEROLS, AGAR, CALCIUM CARBONATE, DEXTROSE, CANOLA OIL, SOY LECITHIN, MONO & DIGLYCERIDES, SORBITAN MONOSTEARATE, CORN STARCH, CORN OIL, ALPHA TOCOPHEROLS AS PRESERVATIVES, BETA CAROTENE AS COLOR, NATURAL & ARTIFICIAL FLAVOR.	4
0008229106107	Bill Knapp's, Iced Toaster Bread, Cranberry-Orange	4	ENRICHED WHEAT FLOUR (WHEAT FLOUR, BARLEY MALT, NIACIN, IRON, THIAMINE MONONITRATE, RIBOFLAVIN, FOLIC ACID), WATER, SUGAR, DRIED CRANBERRIES (CRANBERRIES, SUGAR, SUNFLOWER OIL), NATURAL AND ARTIFICIAL FLAVORS, YEAST, ORANGE MARMALADE (CORN SYRUP, ORANGE PEEL, HIGH FRUCTOSE CORN SYRUP, SUGAR, ORANGE JUICE {FROM CONCENTRATE}, WATER, CITRIC ACID, SODIUM CITRATE, POTASSIUM SORBATE, NATURAL ORANGE OIL, PECTIN), CONTAINS 2% OR LESS OF: SOY OIL, SALT, MONODIGLYCERIDES WITH PROPIONIC ACID AND PHOSPHORIC ACID, CALCIUM PROPIONATE, ENZYMES, CORN SYRUP, SHORTENING (PARTIALLY HYDROGENATED SOYBEAN, COTTONSEED, AND/OR CANOLA OILS), CALCIUM CARBONATE, DEXTROSE, AGAR, TITANIUM DIOXIDE, MONOGLYCERIDES, ASCORBIC ACID, CALCIUM SULFATE, ARTIFICIAL COLORS INCLUDING FD&C YELLOW #6	4
00082592660152	Pure Fruit 100% Juice Smoothie, Mighty Mango	4	MANGO PUREE, APPLE JUICE, ORANGE JUICE, BANANA PUREEâ€ , LEMON JUICE, NATURAL FLAVORS, BETA CAROTENE (VITAMIN A).	4
0008273000253	Soy Milk	4	SOYMILK (FILTERED WATER, SOYBEANS), CANE SUGAR, CONTAINS 2% OR LESS OF: VITAMIN AND MINERAL BLEND (CALCIUM CARBONATE, VITAMIN A PALMITATE, VITAMIN D2, RIBOFLAVIN [B2], VITAMIN B12), SEA SALT, NATURAL FLAVOR, GELLAN GUM.	4
0008295615268	Di Nigris, Sweet & Thicker Balsamic Glaze, Original	4	COOKED GRAPE MUST, (39%), (WINE VINEGAR, CONCENTRATED AND COOKED GRAPE MUST, COLOURING: CARAMEL E150D, ANTIOXIDANT:(SULFITES) E224), WINE VINEGAR, THICKENER: GUAR GUM AND XANTHAN GUM.	4
0008295660084	De Nigris, Balsamic Glaze, Raspberry	4	BALSAMIC CONDIMENT (MIN. 90%), GLUCOSE SYRUP, GUAR GUM, XANTHAN GUM STABILIZER, NATURAL RASPBERRY FLAVOR.	4
0008295661012	Balsamic vinegar of MODENA	2	WINE VINEGAR, CONCENTRATED GRAPE MUST, CARAMEL.	3
0008295661036	Bronze Eagle, De Nigris, Balsamic Vinegar Of Modena	2	CONCENTRATED GRAPE MUST, WINE VINEGAR.	3
0008295661050	Balsamic Vinegar Of Modena	2	WINE VINEGAR, CONCENTRATED GRAPE MUST, CARAMEL.	3
0008295663146	De Nigris, Italian White Wine Vinegar Dressing, Marinade, Original	2	WINE VINEGAR, CONCENTRATED GRAPE MUST, BALSAMIC VINEGAR OF MODENA (WINE VINEGAR, CONCENTRATED GRAPE MUST, CARAMEL) 2%.	3
0008295663160	Italian White Wine Vinegar Dressing Marinade	4	WHITE WINE VINEGAR (MADE FROM REAL WINE), WATER, CORN SYRUP, SALT, BROWN SUGAR, DRIED ITALIAN HERBS, NATURAL FLAVOR, DILUTED WITH WATER TO 4% ACIDITY (40 GRAIN).	4
0008346026524	Meal Replacement Shake Mix, Creamy Milk Chocolate	4	WATER, CALCIUM CASEINATE, MILK PROTEIN CONCENTRATE, CANOLA OIL, MALTODEXTRIN, CELLULOSE GEL, NATURAL AND ARTIFICIAL FLAVOR, POTASSIUM PHOSPHATE, MONO AND DIGLYCERIDES, POTASSIUM CITRATE, SOY LECITHIN, SALT, SUCRALOSE, CARRAGEENAN, SODIUM CITRATE, CITRIC ACID, FD&C RED#3. VITAMINS AND MINERALS: MAGNESIUM PHOSPHATE, SODIUM ASCORBATE, CALCIUM PHOSPHATE, VITAMIN E ACETATE, ZINC GLUCONATE, FERRIC ORTHOPHOSPHATE, NIACINAMIDE, CALCIUM PANTOTHENATE, MANGANESE SULFATE, VITAMIN A PALMITATE, PYRIDOXINE HYDROCHLORIDE, THIAMINE MONONITRATE, RIBOFLAVIN, CHROMIUM CHLORIDE, FOLIC ACID, BIOTIN, SODIUM MOLYBDATE, POTASSIUM IODIDE, PHYLLOQUINONE, SODIUM SELENITE, CYANOCOBALAMIN, CHOLECALCIFEROL.	4
0008346048953	Peanut Butter	4	SUGAR, CORN SYRUP, DRY ROASTED PEANUTS, PALM KERNEL OIL, MOLASSES, COCOA (PROCESSED WITH ALKALI), NONFAT MILK, SALT, WHEY, NATURAL AND ARTIFICIAL FLAVOR, SOY LECITHIN, TBHQ AND CITRIC ACID (USED TO PROTECT QUALITY). VITAMINS AND MINERALS: CALCIUM CARBONATE, VITAMIN E ACETATE, NIACINAMIDE, CALCIUM PANTOTHENATE, VITAMIN A PALMITATE, THIAMINE MONONITRATE, PYRIDOXINE HYDROCHLORIDE (VITAMIN B6), RIBOFLAVIN, CYANOCOBALAMIN (VITAMIN B12).	4
0008346121410	Chocolate Cookie Dough Protein Meal Bars	4	CORN SYRUP (SULFITES), SOLUBLE CORN FIBER, SUGAR, HIGH MALTOSE CORN SYRUP, ISOLATED SOY PROTEIN, CALCIUM CASEINATE (MILK), WHEAT FLOUR, WHEY PROTEIN CONCENTRATE, FRACTIONATED PALM KERNEL OIL, GLYCERIN, WATER, POLYDEXTROSE, COCOA, OAT FIBER, WHEY, CANOLA OIL, COCOA (PROCESSED WITH ALKALI). CELLULOSE GEL, NONFAT MILK, NATURAL AND ARTIFICIAL FLAVOR, GUAR GUM, SALT, CARRAGEENAN, SOY LECITHIN, BAKING SODA, BROWN SUGAR. DEXTROSE, SUCRALOSE (NONNUTRITIVE SWEETENER), CARAMEL COLOR. VITAMINS AND MINERALS: CALCIUM CARBONATE, POTASSIUM CHLORIDE, ASCORBIC ACID, VITAMIN E ACETATE, NIACINAMIDE, BIOTIN, FOLIC ACID. PYRIDOXINE HYDROCHLORIDE (VITAMIN B6), RIBOFLAVIN, VITAMIN A PALMITATE, CALCIUM PANTOTHENATE, CYANOCOBALAMIN (VITAMIN B12). THIAMIN MONONITRATE, PHYTONADIONE (VITAMIN K1), CHOLECALCIFEROL (VITAMIN D3).	4
0008346121427	Slim Fast, Protein Meal Bars, Chocolate Fudge Brownie	4	ISOLATED SOY PROTEIN, HIGH MALTOSE CORN SYRUP (SULFITES), CORN SYRUP, SOLUBLE CORN FIBER, SUGAR, FRUCTOOLIGOSACCHARIDES, COCOA (PROCESSED WITH ALKALI), SKIM MILK SOLIDS, FRACTIONATED PALM KERNEL OIL, ENRICHED WHEAT FLOUR (WHEAT FLOUR, NIACIN, IRON, THIAMIN MONONITRATE, RIBOFLAVIN, FOLIC ACID), POLYDEXTROSE, GLYCERIN, WATER, COCOA, INVERT SUGAR SYRUP, CHOCOLATE, WHEY, MALTODEXTRIN, SUNFLOWER OIL, NONFAT MILK, SOY LECITHIN, SALT, NATURAL AND ARTIFICIAL FLAVOR, COFFEE, SUCRALOSE (NONNUTRITIVE SWEETENER), GUM ARABIC, SODIUM BICARBONATE, CITRIC ACID, CARAMEL COLOR, CORN SYRUP SOLIDS, AMMONIATED GLYCYRRHIZIN, NATURAL HICKORY SMOKE FLAVOR. VITAMIN AND MINERALS: CALCIUM CARBONATE, POTASSIUM CHLORIDE, ASCORBIC ACID, VITAMIN E ACETATE, NIACINAMIDE, BIOTIN, FOLIC ACID, PYRIDOXINE HYDROCHLORIDE (VITAMIN B6), RIBOFLAVIN, VITAMIN A PALMITATE, CALCIUM PANTOTHENATE, CYANOCOBALAMIN (VITAMIN B12), THIAMIN MONONITRATE, PHYTONADIONE (VITAMIN K1), CHOLECALCIFEROL (VITAMIN D3), SWEETENED WITH NUTRITIVE SWEETENERS AND A NONNUTRITIVE SWEETENER	4
0008346381197	Protein Meal Bar	4	SOY PROTEIN ISOLATE, SUGAR, SOLUBLE CORN FIBER, CORN SYRUP, FRUCTOOLIGOSACCHARIDES, MALTODEXTRIN, FRUCTOSE, HIGH OLEIC SUNFLOWER OIL, PALM KERNEL OIL, INVERT SUGAR SYRUP, WHEAT FLOUR, RICE FLOUR, PALM OIL, NONFAT MILK, EGG WHITES, GLYCERIN, YOGURT POWDER (CULTURED WHEY PROTEIN CONCENTRATE, CULTURED SKIM MILK), SOY LECITHIN, WATER, NATURAL AND ARTIFICIAL FLAVOR, GUM ARABIC, SALT, BARLEY MALT EXTRACT. MIXED TOCOPHEROLS (USED TO PROTECT QUALITY), RED 3, BLUE 1, RED 40, YELLOW 5. VITAMINS AND MINERALS: CALCIUM CARBONATE, POTASSIUM CHLORIDE, ASCORBIC ACID, VITAMIN E ACETATE, NIACINAMIDE, BIOTIN, FOLIC ACID, PYRIDOXINE HYDROCHLORIDE (VITAMIN B6), RIBOFLAVIN VITAMIN A PALMITATE, CALCIUM PANTOTHENATE, CYANOCOBALAMIN (VITAMIN B12), THIAMIN MONONITRATE. PHYTONADIONE (VITAMIN K1), CHOLECALCIFEROL (VITAMIN D3).	4
0008346500031	Meal Replacement Shake	4	FAT FREE MILK, WATER, SUGAR, COCOA (PROCESSED WITH ALKALI), CANOLA OIL, FRUCTOSE, MALTODEXTRIN, MILK PROTEIN CONCENTRATE, CELLULOSE GEL, CELLULOSE GUM, HIGH FRUCTOSE CORN SYRUP, NATURAL AND ARTIFICIAL FLAVORS, MONO AND DIGLYCERIDES, POTASSIUM PHOSPHATE, SOY LECITHIN, CALCIUM PHOSPHATE, CARRAGEENAN, SUCRALOSE AND ACESULFAME POTASSIUM. VITAMINS AND MINERALS: MAGNESIUM PHOSPHATE, CALCIUM PHOSPHATE, SODIUM ASCORBATE, VITAMIN E ACETATE, ZINC GLUCONATE, FERRIC ORTHOPHOSPHATE, NIACINAMIDE, CALCIUM PANTOTHENATE, MANGANESE SULFATE, VITAMIN A PALMITATE, PYRIDOXINE HYDROCHLORIDE, RIBOFLAVIN, THIAMIN MONONITRATE, FOLIC ACID, CHROMIUM CHLORIDE, BIOTIN, SODIUM MOLYBDATE, POTASSIUM IODIDE, PHYTONADIONE (VITAMIN K1), SODIUM SELENITE, CYANOCOBALAMIN (VITAMIN B12), CHOLECALCIFEROL (VITAMIN D3). SWEETENED WITH NUTRITIVE AND NON-NUTRITIVE SWEETENERS.	4
0008346720019	Slimfast, 10 Day Slim Down Meal Replacement Shake, Creamy Milk Chocolate	4	FAT FREE MILK, WATER, SUGAR, COCOA (PROCESSED WITH ALKALI), CANOLA OIL, FRUCTOSE, MALTODEXTRIN, MILK PROTEIN CONCENTRATE, CELLULOSE GEL, CELLULOSE GUM, HIGH FRUCTOSE CORN SYRUP, NATURAL AND ARTIFICIAL FLAVORS, MONO AND DIGLYCERIDES, POTASSIUM PHOSPHATE, SOY LECITHIN, CALCIUM PHOSPHATE, CARRAGEENAN, SUCRALOSE AND ACESULFAME POTASSIUM. VITAMINS AND MINERALS: MAGNESIUM PHOSPHATE, CALCIUM PHOSPHATE, SODIUM ASCORBATE, VITAMIN E ACETATE, ZINC GLUCONATE, FERRIC ORTHOPHOSPHATE, NIACINAMIDE, CALCIUM PANTOTHENATE, MANGANESE SULFATE, VITAMIN A PALMITATE, PYRIDOXINE HYDROCHLORIDE, RIBOFLAVIN, THIAMIN MONONITRATE, FOLIC ACID, CHROMIUM CHLORIDE, BIOTIN, SODIUM MOLYBDATE, POTASSIUM IODIDE, PHYTONADIONE (VITAMIN K1), SODIUM SELENITE, CYANOCOBALAMIN (VITAMIN B12), CHOLECALCIFEROL (VITAMIN D3).	4
0008346740031	Meal Replacement Shake	4	FAT FREE MILK, WATER, SUGAR, COCOA (PROCESSED WITH ALKALI), CANOLA OIL, FRUCTOSE, MALTODEXTRIN, MILK PROTEIN CONCENTRATE, CELLULOSE GEL, CELLULOSE GUM, HIGH FRUCTOSE CORN SYRUP, NATURAL AND ARTIFICIAL FLAVORS, MONO AND DIGLYCERIDES, POTASSIUM PHOSPHATE, SOY LECITHIN, CALCIUM PHOSPHATE, CARRAGEENAN, SUCRALOSE AND ACESULFAME POTASSIUM. VITAMINS AND MINERALS: MAGNESIUM PHOSPHATE, CALCIUM PHOSPHATE, SODIUM ASCORBATE, VITAMIN E ACETATE, ZINC GLUCONATE, FERRIC ORTHOPHOSPHATE, NIACINAMIDE, CALCIUM PANTOTHENATE, MANGANESE SULFATE, VITAMIN A PALMITATE, PYRIDOXINE HYDROCHLORIDE, RIBOFLAVIN, THIAMIN MONONITRATE, FOLIC ACID, CHROMIUM CHLORIDE, BIOTIN, SODIUM MOLYBDATE, POTASSIUM IODIDE, PHYTONADIONE (VITAMIN K1), SODIUM SELENITE, CYANOCOBALAMIN (VITAMIN B12), CHOLECALCIFEROL (VITAMIN D3). SWEETENED WITH NUTRITIVE AND NON-NUTRITIVE SWEETENERS.	4
0008346740086	Slim Fast, Meal Replacement Shake, Creamy Chocolate	4	WATER, CALCIUM CASEINATE, MILK PROTEIN CONCENTRATE, CANOLA OIL, COCOA (PROCESSED WITH ALKALI), POTASSIUM PHOSPHATE, CELLULOSE GEL, MONO AND DIGLYCERIDES, MALTODEXTRIN, GLYCERIN, POTASSIUM CITRATE, SALT, SOY LECITHIN, CELLULOSE GUM, ARTIFICIAL FLAVOR, SUCRALOSE, CARRAGEENAN, SODIUM CITRATE, CITRIC ACID, CARAMEL COLOR. VITAMINS AND MINERALS: MAGNESIUM PHOSPHATE, SODIUM ASCORBATE, CALCIUM PHOSPHATE, VITAMIN E ACETATE, ZINC GLUCONATE, FERRIC ORTHOPHOSPHATE, NIACINAMIDE, CALCIUM PANTOTHENATE, MANGANESE SULFATE, VITAMIN A PALMITATE, PYRIDOXINE HYDROCHLORIDE, THIAMIN MONONITRATE, RIBOFLAVIN, CHROMIUM CHLORIDE, FOLIC ACID, BIOTIN, SODIUM MOLYBDATE, POTASSIUM IODIDE, PHYLLOQUINONE (VITAMIN K1), SODIUM SELENITE, CYANOCOBALAMIN (VITAMIN B12), CHOLECALCIFEROL (VITAMIN D3).	4
0008346790012	Slimfast, Advanced Nutrition Smoothie	4	WHEY PROTEIN ISOLATE, SOY PROTEIN ISOLATE, COCOA (PROCESSED WITH ALKALI, HIGH OLEIC SUNFLOWER OIL, GUM ARABIC, CELLULOSE GEL, BUTTERMILK POWDER, SOY FIBER, MALTODEXTRIN, XANTHAN GUM. SOY LECITHIN, SODIUM PHOSPHATE, SALT, NATURAL & ARTIFICIAL FLAVORS, CARRAGEENAN, DEXTROSE, POTASSIUM PHOSPHATE, GUAR GUM, SUCRALOSE. VITAMINS AND MINERALS: CALCIUM CARBONATE, MAGNESIUM OXIDE, CALCIUM PHOSPHATE, SODIUM ASCORBATE, VITAMIN E ACETATE, FERRIC ORTHOPHOSPHATE, NIACINAMIDE, ZINC OXIDE, CALCIUM PANTOTHENATE, MANGANESE SULFATE, PYRIDOXINE HYDROCHLORIDE, THIAMIN MONONITRATE, VITAMIN A PALMITATE, CHROMIUM CHLORIDE, RIBOFLAVIN, BIOTIN, COPPER GLUCONATE, FOLIC ACID, SODIUM MOLYBDATE, SODIUM SELENITE,PHYTONADIONE (VITAMIN K1), POTASSIUM IODIDE, CHOLECALCIFEROL (VITAMIN D3) AND CYANOCOBALAMIN (VITAMIN B12). SWEETENED WITH NUTRITIVE AND NON-NUTRITIVE SWEETENER.	4
0008346800032	Slimfast, 100 Calorie Snack Drizzled Crisps, Cinnamon Bun Swirl	4	CRISPS (WHEAT FLOUR, PEA FIBER, TAPIOCA STARCH, SOLUBLE CORN FIBER, PEA PROTEIN ISOLATE, INULIN, CINNAMON POWDER, SALT), COATING (SUGAR, PALM KERNEL OIL, SKIM DRY MILK SOLIDS, SOY LECITHIN, SALT AND NATURAL FLAVOR).	4
0008346800049	100 Calorie Snacks Drizzled Crisps, Cinnamon Bun Swirl	4	CRISPS (WHEAT FLOUR, PEA FIBER, TAPIOCA STARCH, SOLUBLE CORN FIBER, PEA PROTEIN ISOLATE, INULIN, CINNAMON POWDER, SALT), COATING (SUGAR, PALM KERNEL OIL SKIM DRY MILK SOLIDS, SOY LECITHIN, SALT AND NATURAL FLAVOR).	4
0008346800056	100 Calorie Snacks Drizzled Crisps, S'Mores	4	CRISPS (WHEAT FLOUR, PEA FIBER, TAPIOCA STARCH, SOLUBLE CORN FIBER, PEA PROTEIN ISOLATE, INULIN, CINNAMON POWDER, SALT), COATING (SUGAR, PALM KERNEL OIL SKIM DRY MILK SOLIDS, SOY LECITHIN, SALT AND NATURAL FLAVOR).	4
0008346802012	100 Calorie Snacks Baked Crisps, Mesquite Bbq	4	CRISPS (WHEAT FLOUR, PEA FIBER, TAPIOCA STARCH, SOLUBLE CORN FIBER, PEA PROTEIN ISOLATE, INULIN, CINNAMON POWDER, SALT), COATING (SUGAR, PALM KERNEL OIL SKIM DRY MILK SOLIDS, SOY LECITHIN, SALT AND NATURAL FLAVOR).	4
0008346802029	100 Calorie Snacks Baked Crisps, Sour Cream & Onion	4	CRISPS (WHEAT FLOUR, PEA FIBER, TAPIOCA STARCH, SOLUBLE CORN FIBER, PEA PROTEIN ISOLATE, INULIN, CINNAMON POWDER, SALT), COATING (SUGAR, PALM KERNEL OIL SKIM DRY MILK SOLIDS, SOY LECITHIN, SALT AND NATURAL FLAVOR).	4
0008346802036	Slimfast, Baked Chips, Mesquite Bbq	4	CHIPS (DEHYDRATED POTATO, RICE FLOUR, SOLUBLE CORN FIBER, PEA PROTEIN ISOLATE, INULIN, SALT, SEASONING (SUGAR, SEA SALT, ONION POWDER, GARLIC POWDER, TOMATO POWDER, NATURAL FLAVORS, PAPRIKA COLOR, SPICES, CITRIC ACID) AND SUNFLOWER OIL.	4
0008346802043	Slimfast, Advanced Nutrition Baked Chips, Sour Cream & Onion`	4	CHIPS (HYDRATED POTATO, RICE FLOUR, SOLUBLE CORN FIBER, PEA PROTEIN ISOLATE, INULIN, SALT, SEASONING [WHEY, NONFAT DRY MILK, ONION POWDER, SALT, MALTODEXTRIN, SOUR CREAM (CULTURED CREAM, NONFAT MILK), BUTTERMILK, NATURAL FLAVORS, PARSLEY, CITRIC ACID, YEAST EXTRACT, LACTIC ACID], AND SUNFLOWER OIL.	4
0008346802500	Slimfast, Baked Chips, Mesquite Bbq	4	CHIPS (DEHYDRATED POTATO, RICE FLOUR, SOLUBLE CORN FIBER, PEA PROTEIN ISOLATE, INULIN, SALT, SEASONING (SUGAR, SEA SALT, ONION POWDER, GARLIC POWDER, TOMATO POWDER, NATURAL FLAVORS, PAPRIKA COLOR, SPICES, CITRIC ACID) AND SUNFLOWER OIL.	4
0008346802517	Slimfast, 100 Calorie Snack Baked Chips, Sour Cream & Onion	4	CHIPS (DEHYDRATED POTATO, RICE FLOUR, SOLUBLE CORN FIBER, PEA PROTEIN ISOLATE, INULIN, SALT), SEASONING [WHEY, NONFAT DRY MILK, ONION POWDER, SALT, MALTODEXTRIN, SOUR CREAM (CULTURED CREAM, NONFAT MILK), BUTTERMILK, NATURAL FLAVORS, PARSLEY, CITRIC ACID, YEAST EXTRACT, LACTIC ACID] AND SUNFLOWER OIL	4
0008346802524	Slimfast, Drizzled Crisps, Cinnamon Bun Swirl	4	CRISPS (WHEAT FLOUR, PEA FIBER, TAPIOCA STARCH, SOLUBLE CORN FIBER, PEA PROTEIN ISOLATE, INULIN, CINNAMON POWDER, SALT), COATING (SUGAR, PALM KERNEL OIL, SKIM DRY MILK SOLIDS, SOY LECITHIN, SALT AND NATURAL FLAVOR).	4
0008346802531	Slim Fast, Drizzled Crisps Snack Bars, S'Mores	4	CRISPS (RICE FLOUR, PEA FIBER, TAPIOCA STARCH, SOLUBLE CORN FIBER, PEA PROTEIN ISOLATE, INULIN, NATURAL & ARTIFICIAL MARSHMALLOW FLAVOR, SALT), COATING (SUGAR, PALM KERNEL OIL COCOA POWDER, WHEY POWDER, SKIM MILK POWDER, SOY LECITHIN AND NATURAL VANILLA FLAVOR).	4
0008355015922	Wicklein, Brown Gingerbread	4	WHEAT FLOUR, SUGAR, CHOCOLATE (COCOA LIQUOR, SUGAR, COCOA BUTTER, SOY LECITHIN), CARAMELIZED SUGAR SYRUP, WHEAT GLUTEN, SODIUM BICARBONATE, POTASSIUM CARBONATE, AMMONIUM BICARBONATE, PYROPHOSPHATES, WHEAT STARCH, PALM FAT, SPICES, AGAR-AGAR, GLUCOSE SYRUP, WHOLE MILK POWDER, RIBOFLAVIN (COLOR), FD&C BLUE NO. 2 (COLOR), BEETROOT JUICE CONCENTRATE.	4
0008441442038	Reduced Fat Milk	4	REDUCED FAT MILK, SUGAR, COCOA, LOCUST BEAN GUM, CARRAGEENAN, ARTIFICIAL VANILLA, VITAMIN A PALMITATE, VITAMIN D3 ADDED.	4
0008453353537	Barbecue Sauce	4	VINEGAR, WATER, TOMATO CONCENTRATE, TOMATO PASTE, SUGAR, APPLES, SALT, HIGH FRUCTOSE CORN SYRUP, CORN SYRUP, RED PEPPER AND SPICES	4
0008453353544	Hot Barbecue Sauce	4	VINEGAR, WATER, TOMATO CONCENTRATE, TOMATO PASTE, SUGAR, APPLES, SALT, HIGH FRUCTOSE CORN SYRUP, CORN SYRUP, RED PEPPER AND SPICES	4
0008453353551	Special Barbecue Sauce	4	TOMATO CONCENTRATE, TOMATO PASTE, WATER, VINEGAR, SUGAR, APPLES, SALT, HIGH FRUCTOSE CORN SYRUP, CORN SYRUP, JALAPENOS, RED PEPPER AND SPICES. 	4
